WRZ_ID,2020,2021,2022,2023,2024,2025,2026,2027,2028,2029,2030,2031,2032,2033,2034,2035,2036,2037,2038,2039,2040,2041,2042,2043,2044,2045,2046,2047,2048,2049,2050,2051,2052,2053,2054,2055,2056,2057,2058,2059,2060,2061,2062,2063,2064,2065,2066,2067,2068,2069,2070,2071,2072,2073,2074,2075,2076,2077,2078,2079,2080
1,0.763252926,0.714286027,0.675408429,0.651675143,0.630660459,0.627852479,0.62492992,0.621926284,0.618839534,0.615683015,0.613383895,0.611056389,0.608704758,0.606316193,0.603895284,0.601442417,0.598962395,0.596463434,0.59394775,0.591416199,0.59078771,0.590357319,0.589909206,0.589405293,0.588854722,0.588278095,0.587670233,0.587017388,0.586318571,0.585552012,0.586373695,0.587140629,0.587834648,0.588477751,0.58906178,0.589589177,0.590086936,0.590563003,0.591012342,0.591454359,0.59188121,0.592301547,0.592732553,0.593172061,0.593631234,0.594111269,0.594614718,0.595129401,0.595653584,0.596191791,0.596736064,0.597291725,0.597853438,0.598430527,0.599012649,0.599595223,0.600174406,0.600760272,0.601346249,0.601926004,0.602495946
2,0.784173242,0.742597796,0.710829297,0.693819055,0.679635352,0.673051918,0.666318045,0.659472977,0.652515866,0.645462797,0.640504076,0.635502604,0.630463265,0.62537251,0.620235671,0.615053515,0.60983149,0.60457855,0.599297185,0.593988422,0.593207652,0.592634698,0.592044117,0.591396057,0.590700023,0.589977527,0.589223115,0.588422353,0.587574154,0.586655646,0.587516935,0.588320835,0.589048306,0.589722407,0.590334587,0.590887404,0.591409155,0.591908169,0.592379166,0.592842489,0.593289914,0.593730512,0.594182293,0.594642985,0.59512429,0.595627463,0.596155178,0.59669467,0.597244118,0.597808268,0.598378775,0.598961219,0.599550006,0.600154912,0.600765093,0.601375746,0.601982846,0.602596952,0.603211173,0.603818873,0.604416286
3,0.643097115,0.635085624,0.626577114,0.61949187,0.615324224,0.60919706,0.602921802,0.596537083,0.590042069,0.583452594,0.578924801,0.574354924,0.569747771,0.565090003,0.560386871,0.555639128,0.550852138,0.546034714,0.54118931,0.536316935,0.535901929,0.535691498,0.535463715,0.535179349,0.534847759,0.534490118,0.53410106,0.533666374,0.53318499,0.532634394,0.53348225,0.534273612,0.534989736,0.535653324,0.536255955,0.53680015,0.537313763,0.537804994,0.538268645,0.538724741,0.539165188,0.539598913,0.540043648,0.540497155,0.540970953,0.541466278,0.541985762,0.542516839,0.543057718,0.543613069,0.544174677,0.544748037,0.545327641,0.545923112,0.546523776,0.547124905,0.547722536,0.548327063,0.548931704,0.549529926,0.550118021
4,0.635778117,0.620803798,0.596663849,0.560932993,0.527855578,0.52317487,0.518364959,0.513459298,0.508457255,0.503372569,0.50013772,0.496865865,0.49356116,0.490212144,0.486823357,0.483395474,0.479933126,0.476443907,0.472929936,0.469392087,0.469850173,0.470483982,0.47110295,0.471673385,0.47220332,0.472710936,0.473191623,0.473633172,0.474034661,0.47437675,0.475104982,0.475784692,0.476399779,0.476969741,0.477487348,0.477954763,0.478395911,0.478817834,0.479216069,0.479607816,0.47998612,0.480358652,0.480740639,0.481130162,0.481537111,0.481962552,0.482408743,0.48286489,0.483329457,0.483806454,0.484288825,0.484781291,0.485279119,0.485790575,0.486306492,0.486822809,0.48733612,0.487855356,0.488374688,0.488888507,0.489393629
5,1.279526483,1.240353859,1.207069797,1.176430635,1.147069081,1.138138903,1.128955412,1.119586718,1.110030611,1.100314791,1.093711213,1.087037994,1.080303662,1.073484005,1.066588298,1.059617721,1.052581816,1.045496441,1.03836597,1.031192175,1.030774782,1.030729673,1.030652471,1.030471734,1.030204536,1.029889465,1.029516766,1.029060584,1.028519,1.027851058,1.029394357,1.030834823,1.032138338,1.033346225,1.034443157,1.035433721,1.036368619,1.037262775,1.03810673,1.038936934,1.039738651,1.040528134,1.041337656,1.042163147,1.043025571,1.04392718,1.044872765,1.045839451,1.046823979,1.047834849,1.048857109,1.04990076,1.050955777,1.052039675,1.053133025,1.054227223,1.055315053,1.056415436,1.057516026,1.058604931,1.059675404
6,0.240026334,0.237532731,0.23508256,0.232202738,0.227285327,0.225088017,0.22283567,0.220542643,0.218208627,0.215839505,0.214236579,0.212618013,0.210985593,0.209334363,0.207666274,0.205981606,0.204282353,0.202571789,0.200850827,0.199119841,0.199045374,0.199046933,0.199042044,0.199016127,0.198972659,0.198919511,0.198854686,0.198772905,0.198673769,0.198548911,0.198864004,0.199158103,0.19942424,0.199670853,0.199894812,0.200097055,0.200287932,0.200470491,0.2006428,0.200812302,0.200975987,0.201137175,0.201302455,0.201470994,0.201647074,0.201831155,0.202024214,0.202221581,0.202422591,0.202628979,0.202837693,0.203050774,0.203266176,0.203487474,0.203710702,0.203934103,0.204156204,0.204380868,0.204605574,0.204827895,0.205046452
7,0.660486022,0.658541292,0.657359636,0.656600214,0.656245485,0.652152151,0.647926577,0.643607179,0.639191703,0.634695475,0.632838611,0.63095704,0.629055484,0.627118993,0.625152609,0.623156544,0.621136163,0.619100879,0.617053182,0.614993988,0.614963977,0.615174166,0.615370615,0.615507927,0.615596488,0.615660466,0.615693426,0.615678592,0.615614368,0.615474093,0.616464745,0.617389389,0.618226122,0.619001472,0.619705599,0.620341448,0.620941564,0.621515528,0.622057268,0.62259018,0.623104807,0.623611581,0.624131218,0.624661106,0.6252147,0.625793448,0.626400425,0.627020946,0.62765292,0.628301803,0.628957998,0.629627924,0.630305145,0.631000906,0.631702734,0.632405105,0.63310339,0.633809732,0.634516207,0.635215182,0.635902324
8,0.875163225,0.85300962,0.832146031,0.812062975,0.792679351,0.790687806,0.788483513,0.786111002,0.783589905,0.780916428,0.781155845,0.781316886,0.781409964,0.781440555,0.781396011,0.781339486,0.781239467,0.781112875,0.780978141,0.78083491,0.782086075,0.783327296,0.784562199,0.785830411,0.78709437,0.788299428,0.789428096,0.790477483,0.791428388,0.792303574,0.793415762,0.794408757,0.795315733,0.796104077,0.796800925,0.797419665,0.797929616,0.798339455,0.798684542,0.798951566,0.799186631,0.799399692,0.799579922,0.799754295,0.799918713,0.800087593,0.800268232,0.80049882,0.800791322,0.801135511,0.80155171,0.802017661,0.802539256,0.803075553,0.803639341,0.804225848,0.80483102,0.80540172,0.805939782,0.806453321,0.806945176
9,1.403536789,1.400137646,1.396541134,1.392857128,1.389100162,1.378183813,1.367145247,1.355931925,1.344580091,1.333149888,1.319275928,1.30525369,1.291095884,1.276845916,1.262566227,1.248242255,1.233916976,1.219591945,1.205266246,1.190939299,1.182824809,1.17434775,1.165842735,1.157319374,1.148750796,1.140107507,1.131373232,1.122536685,1.113584873,1.104524397,1.102824464,1.100986505,1.099023663,1.096927563,1.09471299,1.092394383,1.089970124,1.087450642,1.08485995,1.082206449,1.079517373,1.076807845,1.074082781,1.07136094,1.068650567,1.065963667,1.063307192,1.060695557,1.058134516,1.055620685,1.053155613,1.050731118,1.048344472,1.045980095,1.043631446,1.041294519,1.038956824,1.036603931,1.03423088,1.031835098,1.029412874
10,0.554547907,0.54489042,0.536603014,0.528433877,0.520452713,0.519235434,0.517862658,0.516366373,0.514760831,0.513043699,0.510140462,0.507160575,0.504112473,0.501000985,0.497818551,0.494608801,0.491350905,0.488056724,0.484738724,0.481396767,0.480996617,0.480581152,0.48015281,0.479736943,0.479309454,0.478835854,0.478305648,0.477717674,0.477060625,0.476349474,0.47704056,0.477657581,0.478221153,0.478711009,0.479144013,0.479528482,0.479845353,0.480100016,0.480314445,0.480480366,0.48062643,0.480758821,0.480870811,0.480979162,0.481081327,0.481186264,0.481298509,0.481441791,0.481623544,0.481837414,0.482096029,0.482385559,0.482709666,0.483042907,0.48339323,0.48375767,0.484133709,0.484488327,0.484822665,0.485141765,0.485447392
11,0.259082293,0.257484094,0.25584699,0.254193561,0.25252627,0.250972727,0.249360952,0.247702923,0.246003978,0.244263244,0.24207832,0.239864691,0.237625516,0.235362603,0.233073121,0.230773409,0.228455667,0.226124337,0.223784087,0.221434864,0.220187332,0.218934064,0.217675973,0.216422555,0.215164785,0.213889746,0.212593508,0.211275636,0.209931897,0.208567896,0.208826704,0.209057775,0.209268829,0.209452278,0.209614435,0.209758417,0.209877083,0.209972453,0.210052755,0.210114892,0.210169591,0.210219171,0.210261111,0.210301688,0.210339948,0.210379246,0.210421281,0.210474939,0.210543005,0.210623098,0.210719948,0.210828375,0.210949751,0.211074548,0.211205742,0.211342223,0.211483047,0.21161585,0.211741058,0.211860559,0.211975014
12,1.806968331,1.774841984,1.748532505,1.707602703,1.68467244,1.678470773,1.671823311,1.664821759,1.65750698,1.649872283,1.638837141,1.627582253,1.616131796,1.604499619,1.592664046,1.580750162,1.568698247,1.556542308,1.544318083,1.532025174,1.528166131,1.524263187,1.52032332,1.516419222,1.512481805,1.508412191,1.50418029,1.499782777,1.495187235,1.490436586,1.492417859,1.494186797,1.495802502,1.497206872,1.498448251,1.499550487,1.500458923,1.501189017,1.501803762,1.502279443,1.502698192,1.503077744,1.503398809,1.50370944,1.504002338,1.504303183,1.504624977,1.505035751,1.50555682,1.506169964,1.506911389,1.507741442,1.508670623,1.509625992,1.510630333,1.511675148,1.512753213,1.513769869,1.514728383,1.515643211,1.516519411
13,0.834354875,0.827764962,0.821195184,0.814396495,0.806926205,0.804479681,0.801839086,0.799045488,0.796116875,0.793049434,0.788882795,0.784624838,0.780286204,0.775872826,0.771374066,0.766848053,0.762266584,0.75764538,0.753001178,0.748333742,0.74630859,0.744265606,0.742208081,0.740170708,0.738120537,0.736010209,0.733825121,0.731563445,0.729209369,0.726783235,0.727736007,0.72858667,0.729363644,0.730038989,0.730635955,0.731166007,0.731602864,0.731953958,0.732249582,0.732478331,0.732679703,0.732862225,0.733016622,0.733166001,0.733306852,0.733451525,0.733606272,0.733803809,0.734054385,0.734349239,0.734705782,0.735104945,0.735551778,0.736011204,0.73649418,0.73699662,0.737515049,0.738003948,0.738464886,0.738904817,0.739326171
14,1.035604193,1.028175633,1.020506895,1.012669272,1.004599065,0.999666324,0.994484236,0.989104096,0.983548759,0.977814482,0.970178237,0.96241908,0.954550538,0.946580353,0.938496403,0.930368651,0.922163695,0.913900555,0.90559922,0.897259469,0.893637026,0.889990028,0.886322378,0.882674735,0.879008455,0.875268233,0.87143724,0.867513615,0.863479227,0.859358082,0.860466266,0.861455686,0.862359397,0.863144902,0.863839242,0.864455754,0.864963869,0.865372232,0.865716077,0.865982139,0.866216358,0.866428653,0.866608234,0.866781979,0.866945805,0.867114076,0.867294066,0.867523823,0.867815272,0.868158222,0.868572922,0.869037196,0.869556914,0.87009128,0.870653037,0.871237433,0.871840426,0.872409072,0.872945196,0.873456887,0.873946971
15,0.123993641,0.122680342,0.121486309,0.120298034,0.119315852,0.118613956,0.11788672,0.117139421,0.116374393,0.115591204,0.11463578,0.113668104,0.112689559,0.111700926,0.110700906,0.109696812,0.108685129,0.10766784,0.10664704,0.105622705,0.105020918,0.104416706,0.10381048,0.103206539,0.1026008,0.101987402,0.101364553,0.100732042,0.100087933,0.099434758,0.099552358,0.099657356,0.099753257,0.099836615,0.099910299,0.099975723,0.100029644,0.10007298,0.100109469,0.100137703,0.100162558,0.100185087,0.100204144,0.100222582,0.100239967,0.100257824,0.100276925,0.100301307,0.100332235,0.100368629,0.100412637,0.100461906,0.100517058,0.100573765,0.100633379,0.100695395,0.100759385,0.10081973,0.100876623,0.100930924,0.100982932
16,1.067784874,1.042726793,0.991279126,0.964828977,0.938530482,0.935385853,0.932004472,0.928435042,0.924699264,0.920793585,0.915082004,0.909253721,0.903321576,0.897292923,0.891156251,0.884977989,0.878726423,0.872419612,0.866076535,0.859696983,0.85779647,0.855872641,0.853929205,0.852004764,0.850062628,0.848050286,0.845951756,0.843765274,0.841473622,0.839099597,0.840151807,0.841091252,0.841949317,0.842695147,0.843354416,0.843939788,0.844422239,0.844809976,0.845136453,0.845389077,0.845611465,0.845813037,0.845983548,0.846148517,0.846304068,0.84646384,0.846634738,0.846852891,0.847129619,0.847455247,0.847849001,0.848289824,0.848783291,0.849290667,0.84982405,0.850378928,0.850951465,0.851491389,0.852000434,0.852486279,0.85295161
17,0.997886085,0.988066056,0.978061941,0.967997758,0.957889302,0.953475502,0.948827991,0.943995119,0.938998356,0.933833979,0.926977933,0.920007721,0.912936047,0.905770147,0.898498371,0.891187173,0.883804718,0.876369054,0.868899197,0.861394925,0.858066314,0.854714993,0.851344681,0.847994215,0.844626689,0.841189235,0.83766572,0.834054307,0.830337598,0.82653849,0.827598746,0.828545374,0.82941,0.830161534,0.830825844,0.831415693,0.831901833,0.832292535,0.832621508,0.832876064,0.833100153,0.833303266,0.83347508,0.833641311,0.833798052,0.833959046,0.83413125,0.834351071,0.834629916,0.834958033,0.835354798,0.835798992,0.836296233,0.836807488,0.83734495,0.837904071,0.838480986,0.839025038,0.839537976,0.840027536,0.840496425
18,1.011826834,1.005099332,0.998313255,0.991741509,0.985330467,0.980782348,0.975978407,0.970971267,0.96578438,0.960413904,0.953092053,0.945644098,0.938083914,0.930419449,0.922638263,0.914812137,0.906906801,0.89894177,0.890937552,0.88289392,0.879690138,0.876461162,0.873210999,0.869981362,0.866732603,0.863407983,0.859990233,0.856477445,0.852851016,0.849135578,0.850272549,0.851287671,0.852214858,0.853020768,0.853733145,0.854365672,0.854886987,0.855305958,0.855658735,0.855931709,0.856172012,0.856389821,0.856574067,0.856752325,0.856920408,0.85709305,0.857277715,0.857513441,0.857812461,0.85816432,0.858589793,0.859066126,0.859599345,0.860147592,0.860723943,0.861323519,0.861942176,0.862525594,0.863075645,0.863600628,0.864103443
19,0.271350509,0.265334415,0.262214731,0.259114336,0.256026539,0.254882926,0.253674973,0.252415914,0.251111649,0.249761211,0.247919998,0.246047068,0.244145914,0.242218531,0.240261794,0.238293754,0.236305792,0.234302817,0.232289987,0.230267243,0.229461734,0.228649889,0.227832714,0.227020702,0.226203881,0.225367981,0.224508658,0.223625433,0.222713627,0.221779435,0.222065386,0.222320691,0.222553881,0.22275657,0.222935734,0.223094816,0.223225928,0.2233313,0.223420025,0.223488678,0.223549115,0.223603895,0.223650233,0.223695065,0.223737338,0.223780758,0.223827202,0.223886488,0.223961692,0.224050185,0.224157193,0.224276992,0.224411098,0.224548983,0.224693937,0.224844732,0.225000325,0.225147056,0.225285396,0.22541743,0.225543889
20,0.551938889,0.543827571,0.527066276,0.517985418,0.506140757,0.50436508,0.502454872,0.500437808,0.498326218,0.496118085,0.492883773,0.489583146,0.486223501,0.482809017,0.479333153,0.475833655,0.472292504,0.46871996,0.465126809,0.461512931,0.460444206,0.459362232,0.458269116,0.457186795,0.456094418,0.454962148,0.453780903,0.452549679,0.451258695,0.449920903,0.450518807,0.451052634,0.451540218,0.451964025,0.452338646,0.452671276,0.452945422,0.453165748,0.453351264,0.453494814,0.453621184,0.453735724,0.453832614,0.453926356,0.454014746,0.454105534,0.454202645,0.454326607,0.454483854,0.454668887,0.454892633,0.455143124,0.45542353,0.45571184,0.456014928,0.456330229,0.456655565,0.45696237,0.457251628,0.457527703,0.45779212
21,0.225463482,0.223784825,0.222133657,0.220597719,0.218996587,0.218090346,0.217122109,0.216104494,0.215043162,0.213937286,0.212314101,0.21065985,0.20897788,0.20727013,0.205533725,0.203785632,0.202017803,0.200234861,0.198441638,0.196638086,0.196127361,0.195610381,0.195088087,0.194570235,0.194047549,0.193506783,0.192943926,0.19235856,0.191746375,0.191113148,0.191378172,0.191614794,0.191830918,0.192018773,0.192184826,0.192332266,0.192453782,0.192551443,0.192633674,0.192697304,0.192753318,0.192804088,0.192847035,0.192888587,0.192927766,0.192968009,0.193011053,0.193066,0.193135701,0.193217718,0.193316894,0.193427926,0.193552218,0.193680012,0.193814358,0.193954117,0.194098324,0.194234317,0.194362532,0.194484904,0.194602108
22,1.217508329,1.196114714,1.177707965,1.156972461,1.138126505,1.133799824,1.129172876,1.124307429,1.119231007,1.113939102,1.106356811,1.098626507,1.090764479,1.082780051,1.074658625,1.066484452,1.058217308,1.049880098,1.041496894,1.033067427,1.030318633,1.027540268,1.024737035,1.021957894,1.01915631,1.016265685,1.01326575,1.010154267,1.0069094,1.00356006,1.004894556,1.006086034,1.0071743,1.00812022,1.008956357,1.009698773,1.010310655,1.010802414,1.011216478,1.011536875,1.011818926,1.012074575,1.01229083,1.012500057,1.01269734,1.012899976,1.013116722,1.0133934,1.013744369,1.014157356,1.014656746,1.015215832,1.015841687,1.01648518,1.01716166,1.0178654,1.018591536,1.019276309,1.019921921,1.020538108,1.021128277
23,0.432791925,0.430803944,0.428707197,0.426501851,0.424211668,0.422280108,0.420239652,0.418112702,0.415909238,0.413627628,0.410515381,0.407349456,0.404135759,0.400877672,0.397569902,0.394243002,0.390882385,0.387496358,0.38409365,0.380674165,0.379314844,0.377944799,0.376565735,0.375195409,0.373816943,0.372406185,0.370955786,0.369464931,0.367925703,0.366348587,0.366832558,0.367264662,0.367659335,0.368002384,0.368305619,0.368574866,0.368796772,0.368975114,0.369125279,0.369241475,0.369343765,0.369436479,0.369514906,0.369590785,0.369662332,0.36973582,0.369814426,0.369914767,0.37004205,0.370191824,0.370372934,0.370575693,0.370802667,0.371036038,0.371281371,0.371536591,0.371799933,0.372048274,0.372282413,0.372505881,0.372719913
24,0.941049387,0.92726646,0.913470938,0.899311201,0.884787371,0.880049433,0.875142121,0.870101382,0.864942932,0.85966336,0.853458776,0.847174886,0.840820988,0.83440225,0.827909281,0.821393144,0.814829025,0.808230727,0.801612963,0.794975522,0.79055148,0.78611199,0.781659947,0.777225905,0.772780846,0.768283052,0.763719642,0.759088987,0.754377133,0.749601985,0.750441625,0.751191279,0.751875994,0.752471149,0.75299723,0.753464343,0.753849328,0.754158732,0.754419253,0.754620841,0.754798302,0.754959151,0.755095215,0.755226856,0.755350983,0.755478477,0.75561485,0.75578893,0.756009753,0.756269596,0.756583802,0.756935569,0.757329344,0.757734217,0.758159845,0.758602624,0.759059495,0.759490341,0.759896547,0.76028424,0.760655563
25,1.570238407,1.544001513,1.517630848,1.460522677,1.435415851,1.429214637,1.42265618,1.41581397,1.40872075,1.401371161,1.391296583,1.381045908,1.370638513,1.360085494,1.34936948,1.338590711,1.32770133,1.316728588,1.305701124,1.294618619,1.290294696,1.285935592,1.2815469,1.277186872,1.272800143,1.268307477,1.26368476,1.258929327,1.254015202,1.248976779,1.250564497,1.251982057,1.253276822,1.254402231,1.255397026,1.256280315,1.257008302,1.257593372,1.258086005,1.258467198,1.258802768,1.259106926,1.259364216,1.259613144,1.259847861,1.260088947,1.260346821,1.260675999,1.261093564,1.261584915,1.262179065,1.262844238,1.263588848,1.264354445,1.265159287,1.265996562,1.266860482,1.267675192,1.268443309,1.269176418,1.269878572
26,0.47478793,0.471134062,0.467362314,0.463504727,0.459562185,0.457399536,0.455121512,0.452751847,0.450301117,0.44776759,0.444354006,0.440883549,0.437362479,0.433794378,0.430173636,0.426532627,0.422855895,0.419152241,0.415430914,0.411691811,0.410135449,0.408567724,0.406990443,0.40542242,0.403845774,0.402234914,0.400582053,0.398886331,0.397139357,0.395352241,0.395865007,0.39632282,0.396740975,0.397104435,0.397425712,0.397710978,0.397946088,0.398135041,0.398294141,0.39841725,0.398525625,0.398623856,0.39870695,0.398787343,0.398863147,0.398941007,0.39902429,0.399130601,0.399265457,0.399424143,0.399616028,0.399830852,0.40007133,0.400318585,0.400578516,0.400848921,0.401127931,0.401391048,0.401639118,0.401875881,0.402102648
27,1.637272167,1.629718686,1.621821685,1.613791395,1.605441822,1.597827283,1.589801609,1.581449377,1.572808271,1.563872122,1.551799917,1.539525051,1.527069822,1.514447002,1.5016366,1.488753976,1.475744053,1.462638195,1.449469359,1.43623718,1.430783122,1.425288577,1.41975998,1.41426437,1.408738032,1.403089775,1.39729185,1.391341189,1.385207896,1.378931556,1.380758782,1.382390183,1.383880265,1.385175443,1.386320303,1.387336838,1.388174643,1.388847971,1.389414918,1.389853615,1.390239806,1.390589847,1.390885949,1.391172427,1.391442552,1.391720006,1.392016781,1.392395616,1.392876171,1.393441643,1.39412542,1.394890936,1.395747872,1.396628959,1.397555212,1.398518791,1.399513035,1.400450645,1.401334633,1.402178332,1.402986406
28,0.414664647,0.412086926,0.409434502,0.40674447,0.404028728,0.402441094,0.400744626,0.398961714,0.397102332,0.395164848,0.392397201,0.389575907,0.386706869,0.383793466,0.380830408,0.377848231,0.374832356,0.371791086,0.368733145,0.365658436,0.364642714,0.363616275,0.362580822,0.361554101,0.360519246,0.359452117,0.358345368,0.357198188,0.356002663,0.354769271,0.355252966,0.355684822,0.35607927,0.356422123,0.356725185,0.356994278,0.357216057,0.357394298,0.357544377,0.357660507,0.357762738,0.357855399,0.357933782,0.358009617,0.358081123,0.358154569,0.35823313,0.358333414,0.358460624,0.358610313,0.358791319,0.358993963,0.359220807,0.359454045,0.359699238,0.359954312,0.360217503,0.360465703,0.360699708,0.360923048,0.361136958
29,0.663542454,0.657806015,0.65209928,0.646665864,0.641510043,0.639141583,0.636597894,0.633915021,0.631109028,0.628177283,0.623908918,0.619554175,0.615122561,0.610619517,0.606036524,0.601422748,0.596754717,0.592045797,0.587310035,0.582547276,0.581099637,0.579634742,0.578155333,0.576689985,0.575211539,0.573681131,0.572086932,0.570427635,0.568690499,0.566892394,0.567671178,0.568366499,0.569001588,0.569553608,0.57004156,0.570474818,0.570831899,0.571118879,0.571360519,0.571547496,0.571712095,0.571861286,0.571987488,0.572109588,0.572224718,0.572342972,0.572469461,0.572630925,0.572835742,0.573076753,0.573368186,0.573694457,0.574059693,0.574435222,0.574830001,0.575240689,0.575664447,0.576064066,0.576440831,0.576800425,0.577144835
30,1.104357393,1.098535737,1.092790158,1.087315102,1.08219335,1.076792534,1.071115395,1.065218775,1.059128003,1.052838931,1.044442111,1.035909081,1.027254831,1.018487941,1.009594977,1.000653473,0.991626411,0.982534871,0.973401003,0.964224562,0.96027581,0.956299846,0.952300997,0.948324318,0.944326986,0.940247713,0.936067847,0.931785327,0.92738006,0.922878651,0.924106733,0.9252032,0.926204687,0.927075178,0.927844641,0.928527856,0.929090946,0.929543491,0.929924537,0.930219386,0.930478945,0.930714208,0.930913219,0.931105762,0.931287313,0.93147379,0.931673253,0.931927869,0.932250851,0.932630906,0.933090474,0.933604978,0.934180926,0.934773107,0.935395643,0.936043266,0.936711499,0.937341668,0.937935798,0.93850285,0.939045958
31,0.588462813,0.584838855,0.581180637,0.577542553,0.573837095,0.571259451,0.568531875,0.565685211,0.5627332,0.559673594,0.555470335,0.55119317,0.546850231,0.542446175,0.537973712,0.533474912,0.528929688,0.524349478,0.519746302,0.515120026,0.513330263,0.511525735,0.509708789,0.507903873,0.506087751,0.504227168,0.502312004,0.500341141,0.498303676,0.496214044,0.496880394,0.497475331,0.498018732,0.498491055,0.498908561,0.499279269,0.499584799,0.499830347,0.5000371,0.500197083,0.500337919,0.500465571,0.500573553,0.500678026,0.500776535,0.500877716,0.500985943,0.501124096,0.501299345,0.50150556,0.501754919,0.502034086,0.502346592,0.502667906,0.50300569,0.503357086,0.503719666,0.504061592,0.504383963,0.504691642,0.504986329
32,1.298335457,1.295147993,1.291694633,1.288100449,1.284257491,1.278256595,1.271919948,1.265316618,1.25847738,1.251397196,1.241755962,1.231949225,1.221995196,1.211904303,1.201660223,1.191357162,1.180950144,1.17046478,1.159927985,1.149339462,1.145102917,1.140833308,1.13653589,1.132265412,1.127969839,1.123574702,1.119057339,1.114415244,1.109624004,1.104715944,1.106208143,1.107540422,1.108757292,1.109814995,1.110749942,1.111580092,1.112264282,1.112814154,1.113277149,1.113635409,1.113950791,1.114236651,1.114478462,1.114712414,1.11493301,1.115159592,1.115401952,1.115711327,1.116103771,1.116565561,1.117123966,1.117749122,1.118448936,1.119168473,1.119924895,1.120711798,1.121523745,1.122289441,1.123011346,1.123700351,1.124360262
33,0.558983849,0.553380012,0.547612986,0.541622329,0.535428432,0.533370919,0.531173098,0.528863831,0.52645598,0.523947438,0.520368645,0.51672069,0.513011182,0.509244479,0.50541376,0.501558393,0.497659583,0.493728033,0.48977499,0.48580033,0.484480131,0.483146115,0.481800478,0.480466099,0.479121233,0.47773476,0.476297208,0.474807532,0.473255529,0.471654708,0.472278291,0.472835044,0.473343568,0.473785577,0.474176287,0.474523203,0.474809123,0.475038911,0.475232395,0.47538211,0.475513907,0.475633366,0.475734418,0.475832185,0.475924371,0.476019059,0.47612034,0.476249626,0.476413626,0.476606607,0.476839961,0.477101211,0.47739366,0.477694351,0.478010456,0.478339299,0.478678608,0.478998589,0.47930027,0.479588201,0.479863975
36,1.761659624,1.743019231,1.725921844,1.707972549,1.690543205,1.690634483,1.690519315,1.690096801,1.689392881,1.688424853,1.677871776,1.666949532,1.655694981,1.644193869,1.632496821,1.620601433,1.608583204,1.596454424,1.584222981,1.571896539,1.565978085,1.559429484,1.552843164,1.546395108,1.539965131,1.53336971,1.526572926,1.519592956,1.512382887,1.505044056,1.506011574,1.506731349,1.507323239,1.507665061,1.507843722,1.507891819,1.507684175,1.50723213,1.50663902,1.50583828,1.504966156,1.504035626,1.502990633,1.501906933,1.500756256,1.499575768,1.498381427,1.497294629,1.496350349,1.49551443,1.494853834,1.494300952,1.493880086,1.493467789,1.493114354,1.492814276,1.492562941,1.492203445,1.491751102,1.491237676,1.490676607
37,1.59448554,1.575765364,1.557848383,1.540085033,1.522577234,1.523809129,1.52466194,1.525131433,1.525369863,1.525366307,1.516119706,1.506674796,1.497049131,1.487259856,1.477287806,1.467246789,1.457082118,1.446824843,1.436507312,1.426129235,1.421083808,1.415989804,1.410853713,1.405742036,1.400591695,1.395071318,1.389400006,1.38357495,1.377566842,1.371415057,1.373219333,1.374830243,1.376301609,1.377580519,1.378711,1.379714767,1.380542048,1.381206919,1.381766745,1.382199931,1.382581272,1.382926916,1.383219299,1.383502179,1.383768912,1.38404288,1.384335927,1.384710004,1.385184524,1.385742893,1.386418082,1.387173983,1.388020155,1.388890176,1.389804795,1.39075627,1.391738026,1.39266386,1.393536744,1.394369846,1.395167771
62,1.219565382,1.201963175,1.185060987,1.168072399,1.15106713,1.142634264,1.133870338,1.124840129,1.115573409,1.106067823,1.094767672,1.083301848,1.071687455,1.059934598,1.048030021,1.036056388,1.023975088,1.011808749,0.999580746,0.987290914,0.983732496,0.98014356,0.976528596,0.972934054,0.969315768,0.96561069,0.961799784,0.957881114,0.953834237,0.94968669,0.950947035,0.952072307,0.953100103,0.953993462,0.954783139,0.955484302,0.956062184,0.956526618,0.956917675,0.957220269,0.957486647,0.957728091,0.95793233,0.95812993,0.958316251,0.958507627,0.95871233,0.958973635,0.959305102,0.95969514,0.960166781,0.960694802,0.96128588,0.961893618,0.962532508,0.963197144,0.963882932,0.964529656,0.965139394,0.965721342,0.966278718
63,1.088583314,1.067352524,1.047439288,1.02762328,1.007872166,1.001236308,0.994306017,0.987138903,0.979761444,0.972171546,0.962985623,0.953652356,0.944186957,0.934598412,0.924874934,0.915090038,0.905209388,0.895253107,0.885241984,0.875175873,0.872875183,0.870547351,0.868196372,0.865863555,0.863509621,0.861078497,0.858553253,0.855932168,0.853197059,0.850372419,0.851493326,0.852494105,0.853408191,0.854202715,0.854905026,0.855528617,0.856042566,0.856455617,0.85680341,0.857072526,0.857309434,0.857524166,0.857705809,0.857881549,0.858047256,0.858217459,0.858399515,0.85863191,0.858926706,0.859273593,0.859693054,0.860162658,0.860688343,0.861228844,0.861797051,0.862388156,0.862998072,0.863573246,0.864115526,0.864633091,0.865128802
64,1.354244863,1.339360153,1.325670821,1.311786111,1.297809274,1.289655606,1.281091356,1.272196862,1.263009047,1.253524988,1.241815306,1.229900156,1.217800752,1.205529622,1.19307033,1.180525394,1.167846929,1.155062999,1.142202594,1.129265507,1.127157141,1.125010927,1.122832433,1.120679266,1.118496652,1.116206399,1.113784897,1.111229746,1.108515592,1.105676589,1.107239671,1.108635236,1.109909911,1.111017858,1.111997217,1.112866801,1.113583492,1.114159484,1.114644473,1.115019751,1.115350114,1.115649553,1.115902851,1.116147916,1.116378991,1.116616336,1.116870209,1.11719428,1.117605366,1.118089093,1.118674023,1.119328876,1.120061932,1.12081565,1.121608003,1.122432287,1.123282802,1.124084871,1.124841069,1.125562803,1.126254062
65,1.16064114,1.139644853,1.119864221,1.100032146,1.080101723,1.072985397,1.065546141,1.057847141,1.04991744,1.041754736,1.03184154,1.021766738,1.011547017,1.001192231,0.990689452,0.980119312,0.969444149,0.958686036,0.947867774,0.936989201,0.934627617,0.932236265,0.929819524,0.927422704,0.925002723,0.922498081,0.91989021,0.917177222,0.914339174,0.91140293,0.912632323,0.913729961,0.914732517,0.915603937,0.916374221,0.917058166,0.917621857,0.918074885,0.918456338,0.918751501,0.919011338,0.919246852,0.919446075,0.919638823,0.919820569,0.920007245,0.92020692,0.920461808,0.920785135,0.921165595,0.921625654,0.922140707,0.92271727,0.923310083,0.923933283,0.924581598,0.925250544,0.925881386,0.92647615,0.927043807,0.927587495
66,0.74853027,0.736724395,0.725382622,0.714042829,0.702804905,0.694811582,0.686755415,0.678611429,0.670398608,0.662147237,0.653482557,0.644746592,0.635946297,0.627103268,0.618247877,0.609373432,0.600500591,0.591630159,0.582761771,0.573895227,0.569861855,0.565659451,0.561444268,0.557220804,0.552976541,0.548697752,0.544376891,0.540008741,0.535587299,0.531115694,0.530324337,0.529468726,0.52855498,0.527579199,0.526548266,0.525468903,0.524340356,0.523167482,0.521961457,0.520726194,0.519474369,0.518213024,0.516944446,0.515677368,0.51441563,0.513164818,0.51192817,0.510712396,0.509520175,0.50834993,0.507202385,0.506073728,0.504962692,0.503862022,0.502768674,0.501680782,0.500592534,0.49949721,0.498392502,0.497277212,0.496149613
67,0.809209808,0.79245595,0.776187143,0.759899763,0.743684899,0.735012729,0.726279233,0.717460037,0.708573669,0.69964968,0.690322359,0.680925473,0.67146581,0.661964445,0.652451015,0.642918991,0.633388534,0.623860427,0.614334314,0.604810001,0.600002201,0.595029447,0.590044224,0.585050919,0.580037317,0.574990023,0.569901672,0.564767173,0.55958067,0.554345213,0.553572958,0.552737999,0.551846308,0.55089408,0.549888031,0.548834721,0.547733415,0.54658885,0.545411936,0.544206488,0.54298488,0.54175398,0.540516022,0.539279529,0.538048245,0.536827625,0.535620826,0.534434398,0.533270953,0.532128956,0.531009109,0.529907695,0.528823476,0.527749374,0.526682416,0.525620783,0.524558802,0.523489917,0.522411873,0.521323504,0.520223122
68,0.935647762,0.926581103,0.915838564,0.905067424,0.890304035,0.885554131,0.880632817,0.87558981,0.870422217,0.865149881,0.857821072,0.85043148,0.842987755,0.835471737,0.827890703,0.82024578,0.81254437,0.804798545,0.797011685,0.789185199,0.785433422,0.781945402,0.778420066,0.774805338,0.771114636,0.767376822,0.763585279,0.75972189,0.755786041,0.751749213,0.752853282,0.753883786,0.754816315,0.755680432,0.756465173,0.757173818,0.757842641,0.758482316,0.759086078,0.759680002,0.760253547,0.760818341,0.76139747,0.761988022,0.762604997,0.763250004,0.763926472,0.764618035,0.765322362,0.766045534,0.766776855,0.767523479,0.768278233,0.769053649,0.769835828,0.770618612,0.771396842,0.772184051,0.772971408,0.773750407,0.774516219
69,0.861802832,0.849315909,0.837076882,0.825273729,0.813698814,0.811866132,0.809874403,0.807772152,0.805555772,0.803244402,0.796628439,0.789948889,0.783212468,0.776401081,0.769522091,0.762576707,0.755572391,0.748521235,0.741426643,0.734290048,0.729889231,0.725740571,0.721544971,0.71725151,0.712874043,0.708441338,0.703947295,0.69937475,0.694723692,0.689967241,0.691031005,0.692023888,0.692922374,0.693754945,0.694511037,0.695193812,0.695838218,0.696454541,0.697036261,0.697608503,0.69816111,0.698705284,0.699263271,0.699832264,0.700426715,0.701048175,0.701699947,0.702366263,0.703044878,0.703741649,0.704446272,0.705165639,0.70589284,0.706639948,0.707393571,0.708147779,0.708897597,0.709656069,0.710414682,0.711165242,0.711903096
70,7.943932029,7.935364753,7.92659817,7.919946737,7.598399127,7.547814832,7.496242575,7.443403993,7.389607664,7.334890453,7.27241712,7.208833207,7.144336653,7.079194192,7.013571983,6.947488255,6.881208263,6.814684176,6.74787415,6.680782338,6.660006119,6.638258036,6.616287062,6.593961591,6.57118814,6.547914797,6.524044238,6.499475232,6.474140897,6.447938179,6.449672277,6.450523462,6.450418923,6.449457308,6.447628164,6.444977903,6.441678848,6.437844389,6.433512921,6.428858036,6.423909888,6.418782677,6.413645723,6.408536135,6.403591414,6.398863041,6.394402506,6.390106566,6.385947685,6.381964906,6.378038818,6.374207279,6.370378374,6.366664366,6.362913372,6.35904373,6.354967154,6.350888303,6.346720035,6.342353261,6.33771509
71,1.017240856,1.015670721,1.01444316,1.013167345,1.012017476,1.004132672,0.996127791,0.987968999,0.979693802,0.97130668,0.961976871,0.952512082,0.942936369,0.933282152,0.923569626,0.913801007,0.904008533,0.894186392,0.884329498,0.874438355,0.870176453,0.86579643,0.861389316,0.856939117,0.85243447,0.847869065,0.843231074,0.838508193,0.833692294,0.82877085,0.828981614,0.829085068,0.829072362,0.828955486,0.82873317,0.828411055,0.828010085,0.827544041,0.82701759,0.826451831,0.825850429,0.825227263,0.824602912,0.823981888,0.823380902,0.822806211,0.822264074,0.821741941,0.821236467,0.820752396,0.820275216,0.819809527,0.819344158,0.818892754,0.818436854,0.817966535,0.817471064,0.816975316,0.816468701,0.815937959,0.815374232
72,0.036375144,0.036352496,0.03634039,0.036315189,0.036272329,0.035990704,0.035704799,0.035413408,0.035117869,0.034818341,0.034485215,0.034147279,0.03380539,0.033460703,0.033113938,0.032765174,0.032415559,0.032064887,0.031712977,0.031359846,0.031207339,0.031050623,0.030892941,0.030733724,0.030572566,0.030409243,0.030243333,0.030074397,0.029902146,0.029726134,0.029733646,0.029737333,0.02973688,0.029732714,0.029724791,0.029713311,0.02969902,0.029682411,0.029663648,0.029643485,0.029622051,0.029599841,0.02957759,0.029555457,0.029534038,0.029513556,0.029494234,0.029475626,0.029457611,0.029440358,0.029423352,0.029406755,0.029390169,0.029374081,0.029357833,0.029341071,0.029323413,0.029305744,0.029287689,0.029268773,0.029248682
73,2.120114091,2.121520323,2.123346462,2.125361105,2.127826572,2.108848956,2.089642657,2.070143243,2.05042214,2.030487881,2.008758317,1.986771688,1.964573811,1.942226426,1.919767994,1.897202734,1.874592046,1.851924857,1.829191482,1.806392882,1.794314922,1.782012006,1.769657497,1.757220933,1.744680675,1.732024708,1.719230503,1.70627463,1.693141606,1.679807578,1.680208968,1.680405992,1.680381794,1.68015921,1.679735819,1.679122365,1.678358735,1.677471175,1.676468573,1.67539111,1.674245765,1.673058973,1.671869925,1.670687212,1.669542661,1.668448187,1.66741571,1.666421332,1.665458678,1.664536787,1.663628018,1.662741134,1.66185486,1.660995181,1.660126941,1.659231237,1.658287635,1.657343506,1.65637868,1.655367905,1.654294311
74,1.436886467,1.434076325,1.431547508,1.42901372,1.426832948,1.415379468,1.403761359,1.391932236,1.379943519,1.367801351,1.354366744,1.340747076,1.326975329,1.313095953,1.299136633,1.285100408,1.27103148,1.256921876,1.242764625,1.228560418,1.222074,1.215425635,1.208740128,1.20199555,1.195176323,1.188273797,1.181271753,1.174153324,1.166907365,1.159516703,1.159805664,1.159947501,1.159930081,1.159769843,1.159465044,1.159023418,1.158473681,1.157834727,1.157112954,1.156337288,1.155512754,1.154658383,1.153802388,1.152950953,1.15212699,1.151339079,1.150595799,1.149879946,1.149186932,1.148523263,1.14786904,1.147230572,1.146592544,1.145973661,1.145348615,1.144703798,1.144024499,1.14334482,1.142650242,1.141922586,1.141149705
75,1.960660406,1.9574856,1.954638404,1.951954997,1.949681387,1.934088924,1.918271145,1.902164564,1.885839558,1.869304533,1.851000629,1.832443443,1.813678118,1.794765487,1.775743442,1.756616143,1.737444083,1.718216354,1.698923414,1.679566208,1.670771846,1.661755837,1.652688996,1.643541307,1.634291451,1.624927588,1.615427523,1.605768169,1.595934271,1.585902328,1.586297811,1.586491934,1.586468092,1.586248784,1.585831625,1.585227201,1.584474811,1.583600315,1.58261247,1.581550866,1.58042238,1.579253056,1.57808151,1.576916206,1.575788501,1.574710137,1.573692857,1.572713115,1.571764631,1.570856309,1.569960916,1.569087087,1.568213857,1.567366832,1.566511372,1.565628852,1.564699138,1.563768906,1.562818281,1.561822384,1.560764592
77,1.023044038,1.021655758,1.020410917,1.019239682,1.018254377,1.008575203,0.998795337,0.988886411,0.978879874,0.968779482,0.957888603,0.946884536,0.935787455,0.924624544,0.913412739,0.902153896,0.890875051,0.879571328,0.868238463,0.856876878,0.850235678,0.843495428,0.83673246,0.829933364,0.82308861,0.816192908,0.80923634,0.802208587,0.795102833,0.787908576,0.788085312,0.788172063,0.788161408,0.788063402,0.78787698,0.787606871,0.787270639,0.786879839,0.786438385,0.78596397,0.785459665,0.784937111,0.784413564,0.783892806,0.783388851,0.782906945,0.782452337,0.782014505,0.781590641,0.781184724,0.780784586,0.780394084,0.78000385,0.779625327,0.779243034,0.778848648,0.778433173,0.778017465,0.777592644,0.777147592,0.77667488
78,0.945142705,0.942750891,0.940437568,0.938329594,0.936285851,0.927314124,0.918248487,0.90906248,0.899785436,0.890420859,0.880319031,0.870111637,0.859817494,0.849461955,0.839060813,0.828615803,0.818152136,0.807665268,0.79715122,0.786610387,0.780472037,0.774241307,0.767989391,0.761703778,0.755375583,0.748999871,0.742567392,0.736068522,0.729496905,0.722842744,0.723007577,0.723088485,0.723078549,0.722987143,0.722813276,0.722561358,0.722247769,0.721883289,0.721471565,0.7210291,0.720558758,0.720071397,0.719583108,0.719097422,0.718627406,0.718177955,0.717753963,0.717345617,0.716950299,0.71657172,0.716198529,0.715834326,0.715470373,0.715117342,0.714760795,0.71439297,0.714005475,0.713617764,0.713221553,0.712806474,0.712365597
79,1.011045607,1.006052106,0.996902359,0.977556355,0.958307705,0.950867977,0.943317442,0.935624661,0.927824385,0.919920731,0.911160929,0.902276325,0.893289202,0.884229627,0.875116333,0.865951355,0.856764645,0.847550793,0.838305061,0.829027909,0.824852131,0.820566496,0.816255689,0.811904827,0.807503336,0.803045343,0.798519837,0.793915367,0.789224362,0.784435164,0.784631283,0.784727549,0.784715726,0.784606971,0.784400102,0.784100368,0.783727259,0.783293597,0.782803725,0.782277276,0.781717661,0.781137794,0.780556825,0.779978951,0.779419723,0.778884963,0.778380495,0.777894641,0.777424289,0.776973853,0.776529828,0.776096496,0.775663462,0.775243423,0.774819201,0.77438156,0.773920516,0.773459214,0.7729878,0.772493935,0.771969377
80,1.853730844,1.817251312,1.783076001,1.754236804,1.726426043,1.715612021,1.704578712,1.69326433,1.681737366,1.670006004,1.656553096,1.642853685,1.628951704,1.614906358,1.600754527,1.586500257,1.572202425,1.557850413,1.543434935,1.528956911,1.524759078,1.520345531,1.51588251,1.511340806,1.506699668,1.501947575,1.497062923,1.492023245,1.486813694,1.481411397,1.481796297,1.481985226,1.481962022,1.481748583,1.481342587,1.480754336,1.480022079,1.479170984,1.478209573,1.477176377,1.476078088,1.474940054,1.473799858,1.472665736,1.471568207,1.470518699,1.469528641,1.468575116,1.467652012,1.466767996,1.465896563,1.465046116,1.464196254,1.463371894,1.462539325,1.461680421,1.460775586,1.459870246,1.458945059,1.457975811,1.456946325
81,0.3730787,0.371853931,0.370675991,0.369523427,0.368437306,0.364845454,0.361218506,0.357546575,0.353840621,0.350101954,0.346087763,0.342034122,0.33794806,0.333839054,0.329713005,0.325570562,0.321421147,0.31726306,0.313094816,0.308916562,0.306383592,0.303816098,0.301240687,0.298652682,0.296048763,0.293427087,0.290784196,0.288116493,0.285421604,0.282695866,0.282757467,0.282787704,0.28278399,0.282749831,0.282684853,0.282590707,0.282473514,0.282337301,0.282183433,0.282018076,0.281842301,0.281660166,0.281477684,0.281296175,0.281120522,0.280952554,0.280794101,0.280641495,0.280493758,0.280352276,0.280212809,0.2800767,0.279940684,0.27980875,0.279675503,0.27953804,0.279393227,0.279248332,0.279100262,0.278945139,0.278780376
82,1.292385082,1.290124851,1.288043151,1.285998718,1.284200388,1.274540813,1.264725662,1.254711102,1.244545724,1.234235334,1.222703578,1.210996937,1.199146582,1.187194515,1.175166901,1.163066611,1.150935416,1.138765783,1.126551122,1.114292088,1.109326428,1.104207726,1.099053926,1.093844302,1.088564135,1.083205249,1.077752319,1.072189403,1.06650597,1.060685792,1.060958862,1.0610929,1.061076438,1.060925011,1.060636973,1.060219634,1.059700127,1.059096311,1.058414229,1.057681219,1.056902028,1.056094639,1.055285717,1.054481104,1.053702453,1.05295787,1.052255464,1.051578977,1.050924073,1.0502969,1.049678654,1.049075297,1.048472355,1.047887505,1.047296832,1.046687475,1.046045531,1.04540323,1.044746847,1.044059206,1.043328828
83,0.875320778,0.862730629,0.849731309,0.836209716,0.822473711,0.817643505,0.812709243,0.807641607,0.802473095,0.797207593,0.791125181,0.784925797,0.77863029,0.772266754,0.765852688,0.759390012,0.752906666,0.74639761,0.739858438,0.733289587,0.731598902,0.729805856,0.727989334,0.726135475,0.724234433,0.722280739,0.720264145,0.718173987,0.71600322,0.713740992,0.713923635,0.714013286,0.714002275,0.713900994,0.71370834,0.713429203,0.713081731,0.712677869,0.712221659,0.711731386,0.711210225,0.710670204,0.710129157,0.709590992,0.709070192,0.708572178,0.708102375,0.707649907,0.707211875,0.706792391,0.706378878,0.705975323,0.705572045,0.705180869,0.704785798,0.70437823,0.703948866,0.703519264,0.703080243,0.702620315,0.702131802
84,0.950404549,0.948721179,0.947163187,0.9456594,0.944315269,0.935715393,0.927016893,0.918191981,0.909271462,0.900259016,0.890472311,0.880574742,0.870586069,0.860532917,0.850431875,0.840284761,0.830118055,0.819926982,0.809707365,0.799459619,0.793835346,0.788114057,0.782370518,0.77659159,0.770767943,0.764894394,0.758961228,0.752958339,0.746879051,0.740713076,0.740886183,0.740971153,0.740960717,0.740864724,0.740682128,0.740417565,0.740088235,0.739705459,0.739273068,0.738808392,0.738314441,0.737802615,0.737289817,0.73677975,0.736286141,0.735814129,0.735368854,0.73494001,0.734524848,0.734127266,0.733735342,0.733352857,0.732970635,0.732599883,0.732225438,0.73183915,0.731432204,0.731025031,0.730608931,0.730173016,0.729710009
85,0.033634161,0.032600235,0.031575529,0.030558045,0.029553255,0.029416558,0.029275958,0.029130358,0.028980974,0.028827954,0.028644302,0.028456264,0.028264622,0.028070428,0.02787434,0.027676429,0.027477744,0.027278094,0.027077314,0.026875422,0.026856448,0.026833635,0.026809942,0.026784849,0.026757987,0.026729151,0.026697956,0.026664002,0.026627026,0.02658662,0.026593469,0.026596831,0.026596418,0.02659262,0.026585396,0.026574929,0.0265619,0.026546756,0.02652965,0.026511266,0.026491724,0.026471474,0.026451186,0.026431007,0.026411478,0.026392804,0.026375188,0.026358222,0.026341797,0.026326067,0.026310561,0.026295429,0.026280307,0.026265639,0.026250825,0.026235543,0.026219443,0.026203334,0.026186872,0.026169626,0.026151308
89,0.853058695,0.844597823,0.83578859,0.826970514,0.818083667,0.810901653,0.803563083,0.796111081,0.788543885,0.780878927,0.770923333,0.760904999,0.75082974,0.740682734,0.730470411,0.720194061,0.709860106,0.699478673,0.689052672,0.678583381,0.671447288,0.664510945,0.6575318,0.650468952,0.643333884,0.636149974,0.628912501,0.621607949,0.614236594,0.606777336,0.607624123,0.608414488,0.609129709,0.60979246,0.610394332,0.610937841,0.611450808,0.611941419,0.612404486,0.612860007,0.613299899,0.613733078,0.614177252,0.614630188,0.615103388,0.615598089,0.616116919,0.616647326,0.617187524,0.617742175,0.618303075,0.618875713,0.619454586,0.620049307,0.620649213,0.621249585,0.621846463,0.622450229,0.623054107,0.623651575,0.624238929
90,1.094660042,1.082409313,1.069840717,1.057005874,1.044167177,1.037479995,1.030550777,1.023446194,1.016163522,1.008729709,0.997754583,0.986682458,0.97552233,0.964251281,0.952879251,0.941408237,0.929848164,0.918214691,0.906512318,0.894743016,0.888126828,0.881819452,0.875445903,0.86894295,0.862328346,0.855638232,0.84886531,0.841988684,0.835008781,0.827892979,0.829202109,0.83042401,0.831529739,0.83255435,0.833484842,0.834325105,0.835118149,0.835876633,0.836592532,0.837296767,0.837976837,0.838646531,0.839333222,0.840033459,0.840765025,0.841529831,0.84233194,0.843151948,0.843987091,0.844844579,0.845711729,0.846597025,0.847491961,0.848411397,0.84933885,0.850267023,0.851189794,0.852123213,0.853056807,0.85398049,0.854888537
91,0.74027138,0.724864624,0.709121811,0.693245196,0.677277418,0.673734234,0.670033344,0.666218189,0.662286994,0.658257318,0.651920181,0.645519842,0.639062161,0.632532206,0.625936454,0.619276204,0.612557926,0.605791821,0.598980823,0.592126214,0.588629289,0.585333581,0.581994755,0.578571613,0.57507572,0.571530626,0.567931576,0.564264954,0.560531039,0.556708573,0.557561581,0.558357751,0.559078226,0.559745846,0.560352139,0.56089964,0.561416375,0.56191059,0.562377058,0.562835926,0.563279049,0.56371541,0.564162846,0.564619109,0.565095786,0.56559412,0.566116761,0.566651065,0.56719523,0.567753955,0.568318976,0.56889582,0.569478946,0.570078034,0.570682348,0.57128713,0.571888392,0.572496593,0.573104907,0.573706764,0.574298432
92,0.462873381,0.456867521,0.450672531,0.444400061,0.438058166,0.435538349,0.432913381,0.430212227,0.427433702,0.424589516,0.420206827,0.415781998,0.411318936,0.406807685,0.402252564,0.397654439,0.393017623,0.38834892,0.383650282,0.378922569,0.376433594,0.374078782,0.371695221,0.369255441,0.366767155,0.364246064,0.361688998,0.359086878,0.35643989,0.353733862,0.354302606,0.354833453,0.355313831,0.355758967,0.356163214,0.356528261,0.356872794,0.357202313,0.357513331,0.357819282,0.358114734,0.358405679,0.358704008,0.359008222,0.359326046,0.359658311,0.360006783,0.360363031,0.360725854,0.361098384,0.361475112,0.361859724,0.362248524,0.362647967,0.363050894,0.363454133,0.363855025,0.364260544,0.364666138,0.365067427,0.365461922
93,1.336149958,1.278627022,1.220537697,1.162243422,1.103756731,1.09859141,1.093167967,1.087557504,1.081757116,1.075795542,1.0660573,1.056215613,1.046280074,1.036226242,1.026064718,1.015797631,1.005435567,0.994995224,0.984481402,0.973896204,0.968806594,0.96404632,0.959215476,0.954246627,0.949158708,0.943990259,0.9387335,0.933366144,0.927888647,0.92226622,0.923662355,0.924965463,0.926144679,0.927237386,0.928229718,0.929125825,0.929971575,0.930780467,0.931543945,0.932294983,0.933020251,0.933734452,0.934466781,0.935213556,0.935993742,0.936809377,0.937664794,0.938539299,0.939429946,0.940344423,0.941269204,0.942213336,0.94316775,0.944148291,0.945137383,0.946127242,0.94711134,0.948106794,0.949102435,0.950087506,0.951055902
94,0.764977054,0.786432374,0.807509291,0.828402529,0.84911984,0.839691887,0.830095459,0.820376962,0.810534501,0.800586835,0.788174136,0.775693918,0.763152443,0.750533758,0.737844783,0.725086907,0.712267039,0.699396079,0.686477158,0.673511651,0.664133115,0.654969537,0.645759898,0.636460183,0.62708275,0.617652756,0.608165122,0.598605301,0.588973592,0.579247286,0.580158543,0.581009083,0.581778757,0.582491967,0.583139663,0.583724552,0.584276573,0.584804537,0.585302859,0.585793062,0.586266444,0.586732604,0.587210595,0.587698015,0.588207242,0.588739607,0.589297938,0.589868728,0.590450054,0.591046933,0.591650538,0.592266773,0.592889719,0.593529718,0.594175299,0.59482138,0.595463701,0.596113435,0.596763289,0.597406246,0.598038318
95,0.695164902,0.691410894,0.687296113,0.683089929,0.678752473,0.672852911,0.666821978,0.660695861,0.654473083,0.648168269,0.639941326,0.631661734,0.623334377,0.614946814,0.606504442,0.598008344,0.589463907,0.580879631,0.572257957,0.563599957,0.557738928,0.552045514,0.546316183,0.540516615,0.534656447,0.528755293,0.522809194,0.516806806,0.510748363,0.504616157,0.505326717,0.505989933,0.506590093,0.507146224,0.50765127,0.508107343,0.508537786,0.50894947,0.509338041,0.509720281,0.510089405,0.510452896,0.510825614,0.511205684,0.511602759,0.512017875,0.512453238,0.512898316,0.51335161,0.513817031,0.514287697,0.514768212,0.515253959,0.515753004,0.516256401,0.516760188,0.517261043,0.517767678,0.518274408,0.518775759,0.519268622
96,0.705414141,0.697580871,0.689447755,0.68118194,0.672799796,0.667567074,0.662198513,0.656731532,0.651164602,0.645512846,0.637873588,0.630179891,0.622436804,0.614631464,0.606769451,0.598851884,0.590884335,0.582875591,0.574828178,0.566743202,0.561550324,0.556530762,0.551474061,0.546344735,0.541152747,0.535918379,0.530637538,0.525298493,0.519901487,0.514428209,0.515162936,0.515848708,0.51646928,0.517044325,0.517566548,0.518038131,0.518483214,0.5189089,0.519310686,0.519705926,0.520087604,0.520463458,0.520848852,0.521241849,0.521652428,0.522081662,0.522531832,0.522992048,0.523460758,0.523942008,0.524428682,0.524925539,0.525427807,0.525943824,0.526464342,0.526985263,0.527503153,0.528027019,0.528550982,0.529069384,0.52957901
97,0.913745769,0.899735602,0.885677592,0.872011082,0.858655983,0.858199666,0.857653975,0.85698552,0.856223474,0.855376173,0.84941728,0.843320691,0.837117781,0.830839862,0.824506281,0.81811819,0.811707394,0.805268803,0.798798602,0.792295342,0.789044553,0.785673482,0.782270735,0.778819466,0.77531124,0.771702768,0.768021802,0.764257126,0.760401609,0.756444034,0.756643843,0.75674192,0.756729875,0.756619074,0.756408313,0.756102939,0.755722809,0.755280987,0.754781898,0.754245544,0.753675399,0.753084621,0.752492721,0.751903974,0.751334223,0.750789401,0.750275441,0.749780446,0.749301243,0.748842331,0.748389952,0.747948467,0.747507285,0.747079342,0.746647138,0.746201262,0.745731543,0.745261562,0.744781277,0.74427812,0.743743692
98,0.942568971,0.937380061,0.931951448,0.926677915,0.922151394,0.919865684,0.917451836,0.914855265,0.912091355,0.909170636,0.902667503,0.89596122,0.889072084,0.882047014,0.874913718,0.867670986,0.860360021,0.852987563,0.84555795,0.838075388,0.833936527,0.829453731,0.824949112,0.820518123,0.816095472,0.811581733,0.806957636,0.802233216,0.797383308,0.792462886,0.792985413,0.793374142,0.793693804,0.793878411,0.793974901,0.794000876,0.793888734,0.793644598,0.793324277,0.792891822,0.792420814,0.791918263,0.791353894,0.790768621,0.790147175,0.789509629,0.788864602,0.788277655,0.787767678,0.787316223,0.786959456,0.786660861,0.786433564,0.786210894,0.786020015,0.785857952,0.785722214,0.785528061,0.785283764,0.785006478,0.784703462
99,0.864227275,0.85204299,0.840683561,0.829894227,0.82265518,0.819554474,0.816389103,0.812999724,0.809515821,0.805909437,0.799532215,0.792999356,0.786252043,0.779407419,0.772483642,0.765495921,0.758446433,0.751353091,0.74419467,0.737010331,0.732432624,0.727615178,0.722707936,0.717869154,0.713106374,0.70827592,0.703359947,0.698366232,0.693275275,0.688129675,0.68853459,0.688835823,0.689083535,0.68922659,0.689301362,0.689321491,0.68923459,0.689045405,0.688797182,0.688462065,0.688097073,0.687707637,0.687270298,0.686816759,0.68633519,0.685841144,0.685341301,0.684886466,0.684491276,0.684141436,0.68386497,0.683633584,0.683457447,0.683284897,0.683136981,0.683011396,0.68290621,0.682755757,0.682566447,0.682351574,0.682116761
100,0.977755438,0.965634898,0.953176677,0.941370083,0.927076134,0.923805664,0.920436619,0.917085521,0.913565951,0.909913322,0.903097243,0.896124891,0.889170377,0.882090504,0.874831893,0.867440594,0.860009586,0.85251275,0.844955723,0.837380696,0.832727572,0.827740761,0.822809426,0.817932625,0.813029369,0.808021856,0.802917194,0.797724218,0.792420774,0.787055256,0.78751524,0.78785744,0.78813884,0.788301351,0.788386291,0.788409158,0.788310438,0.788095524,0.787813544,0.787432851,0.78701822,0.786575821,0.786079004,0.785563785,0.785016722,0.784455487,0.783887665,0.783370973,0.782922037,0.782524619,0.782210554,0.781947699,0.781747609,0.781551591,0.781383559,0.781240894,0.781121403,0.780950489,0.780735433,0.780491337,0.78022459
101,0.899713036,0.896874222,0.89122708,0.888174588,0.886418198,0.883685752,0.880810442,0.877732528,0.874469713,0.871076689,0.86501635,0.858743644,0.852224232,0.845585416,0.83899035,0.832318933,0.825581213,0.818810506,0.812076574,0.805198925,0.800797655,0.796090231,0.791431488,0.78682483,0.782088632,0.777310731,0.772439677,0.767483887,0.762421718,0.757299988,0.757746715,0.758079052,0.758352342,0.75851017,0.758592662,0.758614869,0.758518995,0.758310275,0.758036422,0.7576667,0.75726402,0.756834371,0.756351873,0.755851503,0.755320207,0.754775147,0.754223691,0.75372189,0.753285893,0.752899929,0.752594916,0.752339636,0.752145312,0.751954945,0.751791755,0.751653202,0.751537155,0.751371167,0.751162309,0.750925248,0.750666189
102,1.379834125,1.355369439,1.331345547,1.308742255,1.287067508,1.278120311,1.268856436,1.259360607,1.249630224,1.239699789,1.227289822,1.214758612,1.202117393,1.189337558,1.176431523,1.163401783,1.150260732,1.137027918,1.123708961,1.110306322,1.104330687,1.098745613,1.093082974,1.087263414,1.081308831,1.075264291,1.069120444,1.062850773,1.05645551,1.049893185,1.051544387,1.053085567,1.05448022,1.055772559,1.056946186,1.058006007,1.059006271,1.059962943,1.060865905,1.061754154,1.062611925,1.063456607,1.064322729,1.065205936,1.066128658,1.067093305,1.068105003,1.069139276,1.07019264,1.071274187,1.072367921,1.073484542,1.074613322,1.075773003,1.076942797,1.078113498,1.079277386,1.080454706,1.081632245,1.082797284,1.083942601
103,1.19436503,1.170086108,1.146444468,1.123931393,1.101827063,1.093517967,1.084952065,1.076198061,1.06725385,1.058147408,1.047030215,1.035814702,1.024509977,1.013092844,1.00157337,0.989953578,0.978243521,0.966459049,0.95460472,0.94268253,0.936783192,0.931200575,0.925555058,0.919782287,0.91390002,0.907944804,0.901909056,0.895771272,0.889531641,0.883156533,0.884495558,0.885745362,0.886876341,0.88792435,0.88887609,0.889735541,0.890546694,0.891322498,0.892054746,0.892775062,0.893470662,0.894155648,0.894858021,0.895574248,0.89632252,0.897104791,0.897925216,0.89876395,0.899618164,0.900495233,0.901382185,0.902287697,0.90320307,0.904143501,0.905092134,0.906041502,0.906985344,0.907940079,0.908894992,0.909839769,0.910768552
104,0.940532435,0.927692602,0.915113081,0.903453217,0.892377667,0.884520441,0.876469338,0.868276228,0.85993952,0.851480336,0.841503134,0.831451705,0.821332926,0.811129283,0.800848378,0.790491739,0.780066953,0.769585988,0.759052284,0.748467348,0.742429371,0.736630502,0.730784147,0.724841721,0.718816632,0.712736469,0.706595509,0.700377517,0.694082634,0.687685474,0.688696372,0.689639912,0.690493746,0.691284942,0.692003459,0.692652302,0.693264683,0.693850377,0.694403188,0.694946992,0.695472136,0.695989267,0.696519524,0.69706024,0.697625149,0.698215725,0.698835106,0.699468309,0.700113198,0.700775343,0.701444948,0.702128565,0.702819627,0.703529606,0.704245777,0.704962504,0.705675059,0.706395837,0.707116749,0.707830009,0.708531195
105,1.140718761,1.122007778,1.103834041,1.08636066,1.069224202,1.060829983,1.052187306,1.043362643,1.034353954,1.025188307,1.014077271,1.002871112,0.99157864,0.980177414,0.968677173,0.957079876,0.945395247,0.933638623,0.921814412,0.909924547,0.903861754,0.898105389,0.892288167,0.886347828,0.880301553,0.8741847,0.867989932,0.861696446,0.855304422,0.848781326,0.850076824,0.851286002,0.852380218,0.85339416,0.854314964,0.855146477,0.855931264,0.856681849,0.857390294,0.858087197,0.858760186,0.859422906,0.860102447,0.860795393,0.861519341,0.862276184,0.863069941,0.86388141,0.864707858,0.865556417,0.866414538,0.867290616,0.868176233,0.869086095,0.870003892,0.870922399,0.871835562,0.872759262,0.873683135,0.8745972,0.875495793
106,1.085564159,1.070431542,1.055889844,1.043007628,1.030089504,1.020287575,1.010276203,1.000111422,0.989791514,0.979339297,0.967247182,0.955074881,0.942829822,0.930493087,0.918072886,0.90557087,0.892995236,0.880358912,0.867665615,0.854916973,0.847080357,0.839502047,0.831872438,0.824139045,0.816316351,0.808434162,0.800486294,0.79245521,0.784341062,0.776116425,0.777208486,0.778227782,0.779150169,0.780004887,0.780781093,0.781482031,0.782143579,0.782776297,0.783373493,0.783960957,0.784528264,0.785086915,0.785659745,0.786243875,0.786854139,0.787492131,0.788161241,0.788845282,0.789541949,0.790257256,0.813106924,0.813845427,0.814591973,0.815358955,0.816132627,0.816906898,0.817676663,0.81845531,0.819234104,0.82000463,0.820762113
107,0.377975942,0.373187755,0.367605819,0.363271996,0.358146032,0.353775147,0.349331949,0.344834874,0.340283679,0.335685966,0.330417462,0.325118705,0.31979215,0.314431955,0.309040863,0.303619536,0.298170665,0.292698356,0.287203821,0.281687616,0.278202969,0.27479431,0.271367314,0.267906216,0.264415571,0.260904486,0.257371207,0.253810621,0.250222938,0.2466002,0.246923834,0.247225904,0.247499255,0.247752552,0.247982581,0.248190305,0.248386356,0.248573863,0.248750842,0.248924938,0.249093061,0.249258617,0.249428376,0.249601484,0.249782337,0.249971406,0.250169698,0.250372415,0.250578873,0.250790855,0.251005226,0.251224082,0.251445322,0.251672618,0.251901897,0.252131353,0.252359474,0.252590227,0.252821024,0.25304937,0.253273851
108,1.438525888,1.41951612,1.401428769,1.384307617,1.367368065,1.355118797,1.342575205,1.329816032,1.316838862,1.303675762,1.288208156,1.272627866,1.256945331,1.241133966,1.225205309,1.209161678,1.193014594,1.176782225,1.160469793,1.144079587,1.134592122,1.125467651,1.116271089,1.106928683,1.097460784,1.087909279,1.078265477,1.068504733,1.058627261,1.048594522,1.050129167,1.051561558,1.052857764,1.054058879,1.055149661,1.056134671,1.057064328,1.05795347,1.058792693,1.059618242,1.060415464,1.061200521,1.062005505,1.062826368,1.063683956,1.06458051,1.065520794,1.066482059,1.067461068,1.06846627,1.069482799,1.070520599,1.0715697,1.072647521,1.073734741,1.074822804,1.075904535,1.076998749,1.078093168,1.079175968,1.080240439
109,5.128506294,5.060425526,4.993188428,4.932274014,4.87416663,4.835976488,4.796662532,4.756525425,4.715555944,4.673876525,4.623397839,4.572488893,4.521189548,4.46939829,4.417159178,4.364481063,4.311407936,4.258009163,4.204304687,4.150303247,4.122658468,4.096399699,4.06986567,4.042774765,4.015204693,3.987315388,3.959073665,3.930385425,3.901251487,3.871524688,3.877384408,3.882853688,3.887802979,3.892389181,3.896554101,3.900315154,3.903864852,3.907259854,3.91046425,3.913616435,3.916660458,3.919658033,3.922731693,3.925865984,3.929140503,3.932563806,3.936154079,3.939824469,3.943562605,3.947400756,3.951282157,3.955244778,3.95925055,3.96336598,3.967517302,3.97167184,3.975802201,3.979980226,3.984159032,3.988293476,3.992357933
110,1.483187771,1.448026451,1.41437821,1.381468799,1.349583269,1.33948975,1.329094145,1.318477274,1.307636657,1.296605205,1.283208472,1.269696083,1.256078754,1.242329196,1.228459253,1.214471304,1.200377174,1.186195509,1.171931669,1.157588005,1.150329126,1.143442812,1.136482507,1.129372511,1.122133714,1.114809105,1.107389764,1.099850398,1.092191227,1.084372691,1.08594781,1.087417976,1.088748367,1.089981158,1.091100707,1.092111694,1.093065868,1.09397846,1.094839815,1.095687136,1.096505383,1.097311144,1.098137357,1.098979868,1.099860074,1.100780272,1.101745353,1.10273197,1.103736797,1.104768509,1.105811847,1.106877016,1.107953785,1.109060031,1.110175924,1.111292682,1.112402941,1.113526012,1.114649294,1.11576065,1.116853194
111,0.9862098,0.973327159,0.960952032,0.948958531,0.937554536,0.92987214,0.921974258,0.913918541,0.905703221,0.897351774,0.887313112,0.87719195,0.86699593,0.856705589,0.846329374,0.835868983,0.82533285,0.814734276,0.804077085,0.793362952,0.787702576,0.782307961,0.776860566,0.771306392,0.765660341,0.759953079,0.754178242,0.748317787,0.742371873,0.73631228,0.737435852,0.738484559,0.73943356,0.740312941,0.741111544,0.741832706,0.742513343,0.743164318,0.743778744,0.74438316,0.744966836,0.745541606,0.746130964,0.746731949,0.747359821,0.748016222,0.748704639,0.749408418,0.750125186,0.750861133,0.751605372,0.752365184,0.753133271,0.753922384,0.754718379,0.75551499,0.756306966,0.757108081,0.757909346,0.758702105,0.759481444
112,3.765599458,3.695908578,3.627830636,3.56274723,3.499337725,3.469468089,3.438856476,3.407701393,3.375996751,3.343823386,3.305840469,3.267573482,3.229048741,3.190199223,3.151054018,3.111618971,3.071923123,3.032012274,2.99189959,2.951590841,2.928683584,2.906691414,2.884517508,2.861975935,2.839118002,2.816049301,2.792747922,2.769151739,2.745261292,2.720979419,2.72484819,2.72845918,2.731726856,2.73475481,2.73750462,2.739987785,2.742331406,2.744572893,2.746688535,2.748769706,2.750779466,2.752758558,2.754787884,2.756857241,2.759019181,2.761279352,2.763649763,2.766073069,2.768541103,2.771075171,2.773637793,2.776254039,2.778898775,2.781615911,2.784356743,2.787099698,2.789826692,2.792585154,2.795344133,2.798073822,2.800757304
113,1.343252761,1.321552221,1.300718634,1.281080815,1.264910851,1.255441648,1.245660382,1.235650541,1.225409564,1.21497145,1.202089931,1.189088937,1.175979536,1.162733538,1.14936318,1.135870918,1.122268968,1.108576592,1.094799327,1.080939601,1.074398663,1.068242597,1.062010095,1.055622959,1.049102766,1.042493928,1.03578723,1.028956541,1.02200209,1.014883011,1.016510154,1.018028879,1.019403211,1.02067672,1.021833247,1.022877626,1.023863316,1.024806049,1.025695855,1.026571162,1.027416435,1.028248809,1.029102311,1.02997265,1.030881927,1.031832519,1.032829476,1.03384868,1.034886695,1.035952484,1.037030282,1.038130633,1.039242966,1.04038575,1.0415385,1.042692144,1.043839074,1.044999239,1.046159621,1.047307685,1.048436314
114,0.899700883,0.885741785,0.872426741,0.860015661,0.848794087,0.842144336,0.83529096,0.828288436,0.821135095,0.813853119,0.804976797,0.796022517,0.7869975,0.777883353,0.768688059,0.759413222,0.750066813,0.740661399,0.731200595,0.721685983,0.716946953,0.712459056,0.707921284,0.703282611,0.698557117,0.693773782,0.688926591,0.683998496,0.678989644,0.673873372,0.674935099,0.675926081,0.676822847,0.677653824,0.678408469,0.679089936,0.679733108,0.680348251,0.680928858,0.681500005,0.682051553,0.682594686,0.683151604,0.683719509,0.684312821,0.684933092,0.685583616,0.686248656,0.686925972,0.687621409,0.688324683,0.689042673,0.689768481,0.690514159,0.69126634,0.692019103,0.692767486,0.693524506,0.694281666,0.695030789,0.695767231
115,0.672871392,0.660866943,0.649661701,0.638879728,0.62836288,0.623226812,0.617948427,0.612565799,0.607077762,0.60149982,0.594807558,0.58806081,0.581264622,0.574406139,0.567490942,0.56052015,0.553499334,0.546437279,0.539336511,0.532198136,0.528397509,0.524772403,0.521112438,0.517381952,0.513590786,0.509759192,0.505882969,0.5019502,0.497960989,0.4938967,0.494638761,0.495331379,0.495958145,0.496538932,0.497066368,0.497542659,0.497992184,0.49842212,0.498827917,0.499227103,0.499612591,0.499992197,0.500381438,0.500778358,0.501193036,0.501626555,0.502081219,0.502546029,0.503019418,0.503505473,0.503997004,0.504498822,0.505006103,0.505527272,0.506052986,0.506579107,0.507102167,0.507631262,0.508160457,0.508684034,0.509198747
116,0.963956212,0.949754558,0.934192689,0.918400434,0.902973964,0.896532169,0.889923116,0.883193993,0.876342487,0.869387561,0.859674325,0.849894916,0.840055725,0.830140161,0.820155272,0.810102385,0.799988571,0.78982508,0.779615123,0.769360088,0.765452622,0.761787476,0.758091897,0.754318423,0.750479036,0.746599849,0.742674705,0.738686906,0.734635692,0.73049473,0.731506256,0.732450383,0.733304747,0.734096434,0.734815398,0.735464644,0.736077406,0.736663463,0.737216618,0.737760759,0.73828623,0.738803682,0.739334268,0.739875321,0.74044058,0.741031523,0.741651289,0.742284885,0.742930175,0.743592731,0.744262752,0.744946794,0.745638285,0.746348705,0.747065321,0.747782493,0.748495491,0.749216716,0.749938077,0.75065178,0.751353401
117,1.531686869,1.496096171,1.458816551,1.421384748,1.384402781,1.376778595,1.368883573,1.360794127,1.352506513,1.344051434,1.331129946,1.318101306,1.304975864,1.291726756,1.27836539,1.26489392,1.251323793,1.237673226,1.223947418,1.210148619,1.206628158,1.203500077,1.200322716,1.197019225,1.193609002,1.190134334,1.186585248,1.182934709,1.179181484,1.175282935,1.176920854,1.178449638,1.179833073,1.181115016,1.182279202,1.183330499,1.184322717,1.185271694,1.186167393,1.187048497,1.187899368,1.188737256,1.189596411,1.190472514,1.191387814,1.192344701,1.193348261,1.194374215,1.195419106,1.196491953,1.19757689,1.198684528,1.199804229,1.200954582,1.202114967,1.203276251,1.204430777,1.205598626,1.206766694,1.207922362,1.209058466
118,1.096225981,1.094123309,1.091193134,1.087982224,1.084944064,1.076509552,1.067871635,1.0590877,1.050154935,1.0410964,1.028683462,1.01619005,1.003623937,0.990964948,0.978221649,0.96539566,0.952495576,0.939535079,0.926518074,0.913446251,0.908093755,0.903035948,0.89794113,0.892751584,0.887481881,0.882163776,0.876789782,0.871339595,0.865812286,0.860175835,0.86140596,0.86255412,0.863593119,0.864555896,0.865430233,0.866219787,0.866964971,0.86767768,0.868350376,0.869012111,0.869651139,0.870280417,0.870925667,0.871583645,0.872271062,0.872989712,0.873743414,0.874513935,0.875298678,0.876104417,0.876919236,0.877751104,0.878592032,0.87945598,0.880327462,0.88119962,0.882066702,0.882943791,0.883821043,0.884688983,0.88554223
119,1.075490944,1.079735073,1.084125124,1.089177305,1.094462703,1.084972723,1.075282733,1.065449163,1.055469247,1.04536566,1.031963667,1.018482544,1.004929932,0.991285995,0.977559156,0.963751006,0.949869998,0.935929587,0.921933611,0.907883731,0.901424318,0.895254674,0.889048637,0.882749454,0.87637145,0.869945854,0.863465302,0.856909827,0.850278519,0.843539891,0.844749481,0.845878474,0.846900129,0.847846834,0.848706576,0.849482949,0.850215694,0.850916506,0.851577971,0.85222866,0.852857021,0.853475794,0.854110273,0.854757267,0.855433208,0.856139862,0.856880982,0.857638641,0.858410284,0.859202572,0.860003789,0.860821771,0.86164866,0.862498186,0.863355121,0.864212719,0.865065327,0.865927774,0.866790382,0.867643833,0.868482836
120,0.431400701,0.425639991,0.419768191,0.413872593,0.407911188,0.405039733,0.402093341,0.399093155,0.396038139,0.392936788,0.388599646,0.384232857,0.379839284,0.375411495,0.370952645,0.366463332,0.361946721,0.357407854,0.352848169,0.348268288,0.346532273,0.344904825,0.343263741,0.341587759,0.339882246,0.338158902,0.336414968,0.334642963,0.332842546,0.33100192,0.331455109,0.331878101,0.332260877,0.332615572,0.332937686,0.333228564,0.333503096,0.333765664,0.334013491,0.33425728,0.334492704,0.334724535,0.334962251,0.335204656,0.335457906,0.335722663,0.336000333,0.3362842,0.336573306,0.336870147,0.337170333,0.3374768,0.337786605,0.338104891,0.338425953,0.338747263,0.339066704,0.339389831,0.339713018,0.340032774,0.340347118
121,0.972267444,0.952979938,0.932712227,0.912887606,0.893059121,0.887524836,0.881814546,0.875977908,0.870012488,0.86393824,0.854961455,0.845915037,0.836805711,0.82761602,0.818353377,0.809019182,0.799620873,0.79017029,0.780670812,0.771123899,0.768256457,0.765644006,0.76299953,0.760273087,0.757477284,0.754639601,0.751753556,0.748801582,0.745782875,0.742669729,0.743734146,0.744727639,0.745626677,0.746459759,0.747216316,0.747899511,0.748544313,0.749161014,0.749743092,0.750315686,0.750868632,0.751413141,0.75197147,0.752540814,0.753135629,0.753757471,0.754409644,0.755076369,0.755755401,0.7564526,0.757157656,0.757877465,0.758605113,0.75935268,0.760106767,0.760861438,0.761611717,0.762370654,0.763129733,0.763880754,0.764619062
122,1.282239882,1.265007554,1.247737386,1.230738851,1.213856301,1.203327015,1.192674967,1.181905012,1.171035421,1.160073418,1.144939356,1.129753607,1.114500358,1.099221478,1.083913759,1.068609492,1.053302277,1.037989693,1.0226842,1.007388302,0.996742348,0.985770909,0.97478177,0.963772104,0.952725068,0.941626908,0.930466061,0.919231717,0.907916678,0.896520749,0.895346896,0.894067522,0.892684857,0.891200112,0.889619386,0.887952992,0.886209198,0.884396083,0.882527143,0.880615986,0.87867601,0.876720085,0.874757655,0.872799694,0.870856809,0.868937072,0.867045703,0.865184711,0.863355934,0.861559366,0.859789332,0.858044751,0.856320191,0.854613611,0.852913253,0.851215674,0.849508966,0.847796685,0.846072447,0.844330044,0.842564106
123,0.382295017,0.376722849,0.37115461,0.365686066,0.360199242,0.356273296,0.352324667,0.348354252,0.344365428,0.340359528,0.335582747,0.330796416,0.325997613,0.321194074,0.316385206,0.311576976,0.306768201,0.301958434,0.297149978,0.292343294,0.288395791,0.284388148,0.280377234,0.276362527,0.272340916,0.268309858,0.264267217,0.260210996,0.256139865,0.252053788,0.251836893,0.2516005,0.251345021,0.251070682,0.250778607,0.250470704,0.250148499,0.249813485,0.249468157,0.249115028,0.248756574,0.248395174,0.248032571,0.247670794,0.247311802,0.246957088,0.246607616,0.246263756,0.245925848,0.245593892,0.245266839,0.244944489,0.244625838,0.244310509,0.24399633,0.243682664,0.243367312,0.24305093,0.242732338,0.24241039,0.242084094
124,2.126495816,2.123104787,2.121078473,2.119832978,2.11920291,2.099865572,2.080307676,2.060537948,2.040589209,2.020474442,1.992864046,1.965160789,1.937336258,1.90946568,1.881543288,1.853627097,1.825705611,1.797774478,1.769856086,1.741954932,1.722407986,1.702276265,1.682112743,1.661912343,1.641644802,1.621285412,1.600813395,1.580209332,1.559460291,1.538565921,1.536456947,1.534158391,1.531674259,1.529006729,1.526166756,1.52317287,1.520039927,1.516782438,1.513424652,1.509991019,1.506505609,1.502991545,1.499465792,1.49594807,1.492457433,1.489008384,1.485610304,1.482266798,1.47898117,1.475753411,1.472573323,1.469438964,1.466340575,1.463274489,1.460219584,1.457169671,1.454103355,1.451027027,1.447929218,1.444798771,1.441626043
125,1,1,1,1,1,1,1,1,1,1,1,1,1,1,1,1,1,1,1,1,1,1,1,1,1,1,1,1,1,1,1,1,1,1,1,1,1,1,1,1,1,1,1,1,1,1,1,1,1,1,1,1,1,1,1,1,1,1,1,1,1
126,1.006939189,0.996512407,0.986487776,0.976277159,0.96647486,0.964918072,0.963250846,0.961421688,0.959441733,0.957321525,0.951269568,0.945028439,0.93861699,0.932081179,0.925444744,0.918707456,0.911908925,0.90505551,0.898151266,0.891200145,0.888133196,0.884737329,0.881324034,0.877988542,0.874668253,0.871263134,0.86775383,0.864149527,0.860424362,0.856632414,0.857155562,0.857544752,0.857864793,0.85804962,0.858146224,0.85817223,0.858059955,0.857815529,0.857494828,0.857061859,0.856590292,0.856087145,0.855522106,0.854936138,0.854313954,0.853675651,0.853029858,0.852442215,0.851931633,0.851479642,0.851122451,0.850823501,0.850595935,0.850373001,0.850181895,0.85001964,0.84988374,0.849689357,0.84944477,0.849167155,0.848863779
127,0.958245661,0.928758077,0.900281173,0.871745264,0.844311239,0.840228731,0.836070108,0.831802026,0.827446949,0.823042531,0.81581965,0.808503377,0.801101923,0.793642805,0.786165435,0.778660718,0.771155721,0.763651437,0.756147307,0.748642987,0.745045954,0.741222754,0.737383069,0.733532951,0.729655675,0.725732937,0.721754729,0.717714185,0.713603404,0.709426687,0.708370635,0.707228836,0.706009456,0.704707292,0.703331528,0.701891136,0.700385109,0.698819926,0.697210506,0.695562067,0.693891527,0.692208282,0.690515385,0.688824491,0.687140721,0.685471533,0.683821246,0.682198815,0.680607815,0.679046143,0.677514762,0.676008588,0.674525928,0.673057102,0.671598046,0.670146272,0.668694022,0.66723233,0.665758115,0.664269779,0.662765016
128,0.720355445,0.715021419,0.709582363,0.703645965,0.69812444,0.692893466,0.687602444,0.682225066,0.676779057,0.671294122,0.663585647,0.655803493,0.647954139,0.640059292,0.632150046,0.624219226,0.616288184,0.608357705,0.600427348,0.59249684,0.587648866,0.582622466,0.577583059,0.572535422,0.567466359,0.56236143,0.55721274,0.552014873,0.546761593,0.541456296,0.540623156,0.539722369,0.538760376,0.537733074,0.536647708,0.535511355,0.534323221,0.533088418,0.531818716,0.53051823,0.52920031,0.527872365,0.526536807,0.525202828,0.523874469,0.522557614,0.521255672,0.519975705,0.518720534,0.517488501,0.516280365,0.515092115,0.513922416,0.512763631,0.511612554,0.510467222,0.509321514,0.508168357,0.50700532,0.505831143,0.504644007
